TDSFU Daily run: Sat Oct 25 02:24:36 UTC 2025 TDSFU
TDSFU Daily run: Sat Oct 25 04:31:27 UTC 2025 TDSFU
TDSFU Daily run: Sun Oct 26 04:31:42 UTC 2025 TDSFU
TDSFU Daily run: Mon Oct 27 04:39:13 UTC 2025 TDSFU
TDSFU Daily run: Tue Oct 28 04:34:04 UTC 2025 TDSFU
TDSFU Daily run: Wed Oct 29 04:37:33 UTC 2025 TDSFU
TDSFU Daily run: Thu Oct 30 04:33:32 UTC 2025 TDSFU
TDSFU Daily run: Fri Oct 31 04:34:58 UTC 2025 TDSFU
TDSFU Daily run: Sat Nov  1 04:31:02 UTC 2025 TDSFU
TDSFU Daily run: Sun Nov  2 04:33:31 UTC 2025 TDSFU
TDSFU Daily run: Mon Nov  3 04:38:48 UTC 2025 TDSFU
TDSFU Daily run: Tue Nov  4 04:33:39 UTC 2025 TDSFU
TDSFU Daily run: Wed Nov  5 04:34:17 UTC 2025 TDSFU
